Silo,Page,URL,KW Principal,KWs Secondaires,Intent,Type,Vol. KW,Vol. Cluster,KD,Priorité,Quick Win?
Casino en ligne,,,,,,,,,,,
Casino en ligne,★ Pilier — Casino en ligne,/casino-en-ligne/,casino en ligne,"casinos en ligne, jeux casino en ligne, casino jeux en ligne, jeu casino en ligne, jeux de casino en ligne",Commerciale,Comparatif,165000,178000,59,Haute,Non
Casino en ligne,Meilleur casino en ligne,/casino-en-ligne/meilleur/,meilleur casino en ligne,"meilleurs casino en ligne, meilleurs casinos en ligne, meilleure casino en ligne, top casino en ligne, meilleur site casino en ligne, classement casino en ligne",Commerciale,Comparatif,12100,20000,22,Haute,★ OUI
Casino en ligne,Casino en ligne fiable,/casino-en-ligne/fiable/,casino en ligne fiable,"casino fiable en ligne, meilleur casino en ligne fiable, les casinos en ligne les plus fiables, casino en ligne le plus fiable, avis casino en ligne fiable",Commerciale,Comparatif,8100,14000,18,Haute,★ OUI
Casino en ligne,Casino argent réel,/casino-en-ligne/argent-reel/,casino en ligne argent réel,"casino en ligne argent reel, casino argent reel en ligne, jeux casino en ligne argent reel, casino en ligne argent réel sans dépôt",Commerciale,Comparatif,3600,6500,32,Haute,Non
Casino en ligne,Casino en ligne gratuit,/casino-en-ligne/gratuit/,casino en ligne gratuit,"casino gratuit en ligne, casinos en ligne gratuits, casinos gratuits en ligne, jeux gratuits casino en ligne, jeux casino en ligne gratuit",Commerciale,Listing,3600,12000,20,Haute,★ OUI
Casino en ligne,Nouveau casino en ligne,/casino-en-ligne/nouveau/,nouveau casino en ligne,"casino en ligne nouveau, nouveaux casino en ligne, nouveau site de casino en ligne, nouveaux casinos en ligne, nouveau casino en ligne fiable",Commerciale,Comparatif,4400,9000,40,Haute,Non
Casino en ligne,Comparatif casino en ligne,/casino-en-ligne/comparatif/,casino en ligne comparatif,"comparatif casino en ligne, classement casino en ligne, liste casino en ligne, top des casinos en ligne, casino en ligne top 10",Commerciale,Comparatif,480,2500,9,Haute,★ OUI
Casino en ligne,Casino retrait rapide,/casino-en-ligne/retrait-rapide/,casino en ligne retrait rapide,"casino en ligne retrait immédiat, casino en ligne retrait instantané, meilleur casino en ligne retrait immédiat",Commerciale,Comparatif,320,1800,27,Haute,★ OUI
Casino en ligne,Casino sans wager,/casino-en-ligne/sans-wager/,casino en ligne sans wager,"casinos en ligne sans wager, meilleur casino en ligne sans wager, casino en ligne bonus sans wager, casino en ligne sans condition de mise",Commerciale,Comparatif,720,1100,6,Haute,★ OUI
Casino en ligne,Casino sans vérification,/casino-en-ligne/sans-verification/,casino en ligne sans vérification,"casino en ligne sans verification, casinos en ligne sans vérification, casino en ligne sans kyc, casino en ligne sans document",Commerciale,Comparatif,210,900,13,Haute,★ OUI
Casino en ligne,Casino le plus payant,/casino-en-ligne/le-plus-payant/,casino en ligne le plus payant,"casino en ligne le plus rentable, casino en ligne qui paye vraiment, casino en ligne qui paye le plus, casino en ligne payant",Commerciale,Comparatif,880,1700,39,Haute,Non
Casino en ligne,Casino live,/casino-en-ligne/live/,casino en ligne live,"casino live en ligne, casino live en ligne français, meilleur casino live en ligne",Commerciale,Comparatif,170,700,61,Moyenne,Non
Casino en ligne,Casino mobile,/casino-en-ligne/mobile/,casino en ligne mobile,"casino en ligne sur mobile, application casino en ligne, appli casino en ligne, casino mobile en ligne",Commerciale,Comparatif,210,2000,34,Moyenne,Non
Casino en ligne,Avis casino en ligne,/casino-en-ligne/avis/,avis casino en ligne,"casino en ligne avis, forum casino en ligne, casino en ligne forum, meilleur casino en ligne avis",Informationnelle,Guide,880,2700,48,Moyenne,Non
Casino en ligne,Arnaque casino en ligne,/casino-en-ligne/arnaque/,arnaque casino en ligne,"casino en ligne arnaque, casino en ligne illegal, éviter arnaques casino en ligne",Informationnelle,Article,140,500,18,Moyenne,★ OUI
Bonus casino,,,,,,,,,,,
Bonus casino,★ Pilier — Bonus casino,/bonus-casino/,bonus casino en ligne,"bonus casinos en ligne, casino en ligne bonus, meilleur bonus casino en ligne, casino en ligne avec bonus",Commerciale,Comparatif,590,2800,48,Haute,Non
Bonus casino,Bonus sans dépôt,/bonus-casino/sans-depot/,casino en ligne bonus sans dépôt,"casinos en ligne bonus sans depot, bonus sans depot casino en ligne, bonus casino en ligne sans depot, casino en ligne sans depot, casino en ligne sans depot avec bonus",Commerciale,Comparatif,2400,8000,18,Haute,★ OUI
Bonus casino,Bonus gratuit,/bonus-casino/gratuit/,casino en ligne bonus gratuit,"bonus gratuit casino en ligne, casinos en ligne bonus gratuit, bonus casino en ligne gratuit",Commerciale,Comparatif,320,1200,24,Haute,★ OUI
Bonus casino,Tours gratuits,/bonus-casino/tours-gratuits/,casino en ligne tour gratuit,"casino en ligne tours gratuits, casino en ligne free spin, tours gratuits casino en ligne",Commerciale,Comparatif,480,900,36,Haute,Non
Bonus casino,Bonus bienvenue,/bonus-casino/bienvenue/,bonus de bienvenue casino en ligne,"casino en ligne bonus bienvenue, meilleur bonus de bienvenue casino en ligne",Commerciale,Comparatif,140,400,26,Moyenne,Non
Bonus casino,Bonus sans wager,/bonus-casino/sans-wager/,casino en ligne bonus sans wager,"bonus sans condition de mise casino en ligne, casino en ligne wager free",Commerciale,Comparatif,70,200,28,Moyenne,Non
Bonus casino,Nouveau casino + bonus SD,/bonus-casino/nouveau-sans-depot/,nouveau casino en ligne bonus sans depot,"nouveau casino en ligne avec bonus, nouveau casino en ligne bonus sans dépôt",Commerciale,Comparatif,140,400,42,Moyenne,Non
Bonus casino,Code promo casino,/bonus-casino/code-promo/,code promo casino en ligne,code bonus casino en ligne,Commerciale,Comparatif,210,350,19,Moyenne,★ OUI
Jeux casino,,,,,,,,,,,
Jeux casino,★ Pilier — Jeux casino,/jeux-casino/,jeux casino en ligne,"jeux de casino en ligne, jeux en ligne casino, jeu casino en ligne, casino jeux en ligne",Commerciale,Guide/Listing,2900,9000,23,Haute,★ OUI
Jeux casino,Roulette en ligne,/jeux-casino/roulette/,roulette casino en ligne,"roulette en ligne casino, casino en ligne roulette, casino roulette en ligne, roulette casino en ligne gratuit",Commerciale,Comparatif,1900,7500,61,Haute,Non
Jeux casino,Blackjack en ligne,/jeux-casino/blackjack/,casino en ligne blackjack,"casino blackjack en ligne, blackjack casino en ligne",Commerciale,Comparatif,210,550,76,Moyenne,Non
Jeux casino,Machines à sous,/jeux-casino/machines-a-sous/,machine à sous casino en ligne,"machines à sous casino en ligne, casino en ligne machine a sous, slot casino en ligne",Commerciale,Comparatif,170,700,,Haute,Non
Jeux casino,Live casino,/jeux-casino/live/,casino en ligne live,"casino live en ligne, live casino en ligne, jeux live casino",Commerciale,Comparatif,170,600,61,Moyenne,Non
Jeux casino,Plinko,/jeux-casino/plinko/,plinko casino en ligne,plinko en ligne,Commerciale,Guide,170,250,51,Basse,Non
Jeux casino,Aviator,/jeux-casino/aviator/,aviator casino en ligne,aviator en ligne,Commerciale,Guide,140,200,48,Basse,Non
Jeux casino,Poker en ligne,/jeux-casino/poker/,poker casino en ligne,poker en ligne,Commerciale,Comparatif,70,150,,Basse,Non
Jeux casino,Baccarat en ligne,/jeux-casino/baccarat/,baccarat casino en ligne,baccarat en ligne,Commerciale,Comparatif,30,80,,Basse,Non
Jeux casino,Jackpots progressifs,/jeux-casino/jackpot/,jackpot casino en ligne,jackpot progressif casino,Informationnelle,Guide,50,120,,Basse,Non
Paiement,,,,,,,,,,,
Paiement,★ Hub paiement,/paiement-casino/,paiement casino en ligne,"méthode paiement casino, dépôt casino en ligne",Informationnelle,Guide,50,200,,Moyenne,Non
Paiement,Casino crypto,/paiement-casino/crypto/,casino en ligne crypto,"casino crypto en ligne, crypto casino en ligne",Commerciale,Comparatif,480,1300,18,Haute,★ OUI
Paiement,Casino PayPal,/paiement-casino/paypal/,casino en ligne paypal,paypal casino en ligne,Commerciale,Comparatif,320,550,38,Moyenne,Non
Paiement,Casino Paysafecard,/paiement-casino/paysafecard/,casino en ligne paysafecard,"paysafecard casino en ligne, casino en ligne avec paysafecard, casino en ligne depot paysafecard",Commerciale,Comparatif,390,900,16,Haute,★ OUI
Paiement,Casino Cashlib,/paiement-casino/cashlib/,casino en ligne cashlib,cashlib casino en ligne,Commerciale,Comparatif,170,250,27,Moyenne,Non
Paiement,Casino Skrill,/paiement-casino/skrill/,casino en ligne skrill,skrill casino en ligne,Commerciale,Comparatif,90,150,,Basse,Non
Paiement,Casino Neteller,/paiement-casino/neteller/,casino en ligne neteller,neteller casino en ligne,Commerciale,Comparatif,70,120,,Basse,Non
Paiement,Casino Neosurf,/paiement-casino/neosurf/,casino en ligne neosurf,neosurf casino en ligne,Commerciale,Comparatif,50,100,,Basse,Non
Paiement,Casino carte bancaire,/paiement-casino/carte-bancaire/,casino en ligne carte bancaire,"casino en ligne visa, casino en ligne mastercard",Commerciale,Comparatif,50,150,,Basse,Non
Paiement,Casino dépôt minimum,/paiement-casino/depot-minimum/,casino en ligne dépôt minimum,"casino en ligne depot 10 euros, casino en ligne depot 5 euros, casino en ligne 1 euro",Commerciale,Comparatif,110,500,,Moyenne,Non
Paiement,Casino retrait immédiat,/paiement-casino/retrait-immediat/,casino en ligne retrait immédiat,"casino en ligne retrait instantané, meilleur casino en ligne retrait immédiat",Commerciale,Comparatif,590,1300,53,Haute,Non
Reviews tiers,,,,,,,,,,,
Reviews tiers,Vodds avis ⚡,/avis/vodds/,casino en ligne vodds,"vodds casino, vodds avis",Review,Avis,27100,27500,21,Haute,★ OUI
Reviews tiers,Tortuga avis,/avis/tortuga/,tortuga casino en ligne,"casino en ligne tortuga, tortuga casino avis",Review,Avis,1300,1500,14,Haute,★ OUI
Reviews tiers,Casino 770 avis,/avis/casino-770/,casino en ligne 770,"casino770 en ligne, casino 770 avis",Review,Avis,880,3000,22,Haute,★ OUI
Reviews tiers,Cresus avis,/avis/cresus/,cresus casino en ligne,"casino cresus en ligne, cresus casino avis",Review,Avis,1300,2200,62,Moyenne,Non
Reviews tiers,Leon Casino avis,/avis/leon-casino/,leon casino en ligne,leon casino avis,Review,Avis,880,1100,52,Moyenne,Non
Reviews tiers,Wild Sultan avis,/avis/wild-sultan/,wild sultan casino en ligne,wild sultan avis,Review,Avis,590,680,47,Basse,Non
Guides,,,,,,,,,,,
Guides,Comment gagner au casino,/guide/comment-gagner-casino/,comment gagner au casino en ligne,"gagner casino en ligne, astuce casino en ligne",Informationnelle,Article,90,400,,Moyenne,Non
Guides,Casino en ligne légal ?,/guide/casino-legal/,casino en ligne légal,"casino en ligne illegal, légalité casino en ligne",Informationnelle,Article,210,600,20,Haute,★ OUI
Guides,Comprendre le wager,/guide/wager-casino/,wager casino en ligne,"condition de mise casino, wager explication, rollover casino",Informationnelle,Article,20,100,,Moyenne,Non
Guides,RTP et redistribution,/guide/rtp-casino/,RTP casino en ligne,"taux redistribution casino, taux de retour joueur",Informationnelle,Article,20,80,,Basse,Non
Guides,Jeu responsable,/guide/jeu-responsable/,jeu responsable casino,"addiction jeux casino, limites de jeu, auto-exclusion",Informationnelle,Article,10,50,,Haute,Non
Guides,Comment choisir son casino,/guide/choisir-casino/,quel casino en ligne choisir,comment choisir casino en ligne,Informationnelle,Article,170,350,,Moyenne,Non
Guides,Argent fictif vs argent réel,/guide/argent-fictif-vs-reel/,casino en ligne argent fictif,différence argent fictif argent réel casino,Informationnelle,Article,140,200,49,Basse,Non
Guides,Stratégie roulette,/guide/strategie-roulette/,stratégie roulette casino,"martingale roulette, technique roulette",Informationnelle,Article,30,100,,Basse,Non
Guides,Stratégie blackjack,/guide/strategie-blackjack/,stratégie blackjack casino,"tableau blackjack, compter les cartes",Informationnelle,Article,20,80,,Basse,Non
Guides,Guide dépôts et retraits,/guide/depot-retrait/,comment déposer au casino en ligne,"comment retirer casino, délai retrait casino",Informationnelle,Article,30,150,,Moyenne,Non
Fournisseurs,,,,,,,,,,,
Fournisseurs,★ Hub fournisseurs,/fournisseurs-jeux/,fournisseur jeux casino,"éditeur jeux casino, provider casino",Informationnelle,Guide,10,50,,Basse,Non
Fournisseurs,Pragmatic Play,/fournisseurs-jeux/pragmatic-play/,pragmatic play casino,"casino pragmatic play, slots pragmatic",Informationnelle,Guide,10,30,,Basse,Non
Fournisseurs,Evolution Gaming,/fournisseurs-jeux/evolution/,evolution gaming casino,"casino evolution, jeux live evolution",Informationnelle,Guide,10,30,,Basse,Non
Trust,,,,,,,,,,,
Trust,À propos,/a-propos/,—,—,Nav.,Instit.,0,0,,Haute,—
Trust,Comment nous évaluons,/comment-nous-evaluons/,—,—,Info.,Instit.,0,0,,Haute,—
Trust,Politique éditoriale,/politique-editoriale/,—,—,Nav.,Instit.,0,0,,Moyenne,—
Trust,Jeu responsable (footer),/jeu-responsable/,—,—,Info.,Instit.,0,0,,Haute,—
Trust,Contact,/contact/,—,—,Nav.,Instit.,0,0,,Haute,—
Trust,Mentions légales,/mentions-legales/,—,—,Nav.,Instit.,0,0,,Haute,—
Partenaire: CasinoLab,,,,,,,,,,,
Review CasinoLab,CasinoLab avis,/avis/casinolab/,casinolab avis,"casinolab casino avis, casinolab fiable, casinolab test, casinolab revue",Review,Avis (pilier),—,—,—,Haute,—
Review CasinoLab,casinolab bonus,/avis/casinolab/bonus/,casinolab bonus,"casinolab bonus casino, casinolab offre, casinolab promo",Commerciale,Sous-page,—,—,—,Haute,—
Review CasinoLab,casinolab bonus sans dépôt,/avis/casinolab/bonus-sans-depot/,casinolab bonus sans dépôt,"casinolab bonus sans depot, casinolab no deposit bonus",Commerciale,Sous-page,—,—,—,Haute,—
Review CasinoLab,casinolab bonus de bienvenue,/avis/casinolab/bonus-bienvenue/,casinolab bonus de bienvenue,"casinolab offre bienvenue, casinolab welcome bonus",Commerciale,Sous-page,—,—,—,Haute,—
Review CasinoLab,casinolab free spins,/avis/casinolab/free-spins/,casinolab free spins,"casinolab tours gratuits, casinolab free spin sans depot",Commerciale,Sous-page,—,—,—,Haute,—
Review CasinoLab,casinolab code promo,/avis/casinolab/code-promo/,casinolab code promo,"casinolab code bonus, casinolab code promotionnel",Commerciale,Sous-page,—,—,—,Moyenne,—
Review CasinoLab,casinolab promotions,/avis/casinolab/promotions/,casinolab promotions,"casinolab offres en cours, casinolab promo, casinolab deals",Commerciale,Sous-page,—,—,—,Moyenne,—
Review CasinoLab,casinolab est-il fiable ?,/avis/casinolab/fiable/,casinolab est-il fiable,"casinolab fiable, casinolab sérieux, casinolab de confiance",Informationnelle,Sous-page,—,—,—,Haute,—
Review CasinoLab,casinolab arnaque ?,/avis/casinolab/arnaque/,casinolab arnaque,"casinolab arnaque ou pas, casinolab escroquerie, casinolab scam",Informationnelle,Sous-page,—,—,—,Haute,—
Review CasinoLab,casinolab licence,/avis/casinolab/licence/,casinolab licence,"casinolab licence casino, casinolab régulation, casinolab licence curaçao",Informationnelle,Sous-page,—,—,—,Moyenne,—
Review CasinoLab,casinolab trustpilot,/avis/casinolab/trustpilot/,casinolab trustpilot,"casinolab avis trustpilot, casinolab note trustpilot",Informationnelle,Sous-page,—,—,—,Moyenne,—
Review CasinoLab,casinolab vérification KYC,/avis/casinolab/verification-kyc/,casinolab vérification kyc,"casinolab kyc, casinolab vérification identité, casinolab documents requis",Informationnelle,Sous-page,—,—,—,Basse,—
Review CasinoLab,casinolab inscription,/avis/casinolab/inscription/,casinolab inscription,"casinolab créer un compte, casinolab s'inscrire, casinolab ouvrir un compte",Informationnelle,Sous-page,—,—,—,Haute,—
Review CasinoLab,casinolab connexion,/avis/casinolab/connexion/,casinolab connexion,"casinolab login, casinolab se connecter, casinolab mot de passe oublié",Navigationnelle,Sous-page,—,—,—,Basse,—
Review CasinoLab,casinolab application,/avis/casinolab/app/,casinolab app,"casinolab application, casinolab appli, casinolab télécharger, casinolab mobile",Informationnelle,Sous-page,—,—,—,Moyenne,—
Review CasinoLab,casinolab contact,/avis/casinolab/contact/,casinolab contact,"casinolab support client, casinolab service client, casinolab email, casinolab chat",Informationnelle,Sous-page,—,—,—,Basse,—
Review CasinoLab,casinolab retrait,/avis/casinolab/retrait/,casinolab retrait,"casinolab délais de retrait, casinolab retrait rapide, casinolab temps de retrait",Informationnelle,Sous-page,—,—,—,Haute,—
Review CasinoLab,casinolab modes de paiement,/avis/casinolab/modes-de-paiement/,casinolab modes de paiement,"casinolab méthodes de paiement, casinolab dépôt, casinolab crypto, casinolab visa",Informationnelle,Sous-page,—,—,—,Moyenne,—
Review CasinoLab,casinolab limites,/avis/casinolab/limite/,casinolab limite,"casinolab limite retrait, casinolab limite dépôt, casinolab montant minimum",Informationnelle,Sous-page,—,—,—,Basse,—
Review CasinoLab,casinolab jeux,/avis/casinolab/jeux/,casinolab jeux,"casinolab catalogue jeux, casinolab machines à sous, casinolab nombre de jeux",Informationnelle,Sous-page,—,—,—,Moyenne,—
Review CasinoLab,casinolab live casino,/avis/casinolab/live/,casinolab live,"casinolab live casino, casinolab casino en direct, casinolab croupier en direct",Informationnelle,Sous-page,—,—,—,Moyenne,—
Review CasinoLab,casinolab RTP,/avis/casinolab/rtp/,casinolab rtp,"casinolab taux de redistribution, casinolab taux de retour",Informationnelle,Sous-page,—,—,—,Basse,—
Review CasinoLab,casinolab paris sportifs,/avis/casinolab/paris-sportifs/,casinolab paris sportifs,"casinolab paris en ligne, casinolab sportsbook",Commerciale,Sous-page,—,—,—,Basse,—
Review CasinoLab,Alternatives à CasinoLab,/avis/casinolab/alternatives/,casinolab alternatives,"casinolab alternative, casinolab similaire, casino comme casinolab",Commerciale,Sous-page,—,—,—,Moyenne,—
Review CasinoLab,casinolab sites sœurs,/avis/casinolab/sites-soeurs/,casinolab sites soeurs,"casinolab sites sœurs, casinolab même groupe, casinolab casinos associés",Informationnelle,Sous-page,—,—,—,Basse,—
Partenaire: Gransino,,,,,,,,,,,
Review Gransino,Gransino avis,/avis/gransino/,gransino avis,"gransino casino avis, gransino fiable, gransino test, gransino revue",Review,Avis (pilier),—,—,—,Haute,—
Review Gransino,gransino bonus,/avis/gransino/bonus/,gransino bonus,"gransino bonus casino, gransino offre, gransino promo",Commerciale,Sous-page,—,—,—,Haute,—
Review Gransino,gransino bonus sans dépôt,/avis/gransino/bonus-sans-depot/,gransino bonus sans dépôt,"gransino bonus sans depot, gransino no deposit bonus",Commerciale,Sous-page,—,—,—,Haute,—
Review Gransino,gransino bonus de bienvenue,/avis/gransino/bonus-bienvenue/,gransino bonus de bienvenue,"gransino offre bienvenue, gransino welcome bonus",Commerciale,Sous-page,—,—,—,Haute,—
Review Gransino,gransino free spins,/avis/gransino/free-spins/,gransino free spins,"gransino tours gratuits, gransino free spin sans depot",Commerciale,Sous-page,—,—,—,Haute,—
Review Gransino,gransino code promo,/avis/gransino/code-promo/,gransino code promo,"gransino code bonus, gransino code promotionnel",Commerciale,Sous-page,—,—,—,Moyenne,—
Review Gransino,gransino promotions,/avis/gransino/promotions/,gransino promotions,"gransino offres en cours, gransino promo, gransino deals",Commerciale,Sous-page,—,—,—,Moyenne,—
Review Gransino,gransino est-il fiable ?,/avis/gransino/fiable/,gransino est-il fiable,"gransino fiable, gransino sérieux, gransino de confiance",Informationnelle,Sous-page,—,—,—,Haute,—
Review Gransino,gransino arnaque ?,/avis/gransino/arnaque/,gransino arnaque,"gransino arnaque ou pas, gransino escroquerie, gransino scam",Informationnelle,Sous-page,—,—,—,Haute,—
Review Gransino,gransino licence,/avis/gransino/licence/,gransino licence,"gransino licence casino, gransino régulation, gransino licence curaçao",Informationnelle,Sous-page,—,—,—,Moyenne,—
Review Gransino,gransino trustpilot,/avis/gransino/trustpilot/,gransino trustpilot,"gransino avis trustpilot, gransino note trustpilot",Informationnelle,Sous-page,—,—,—,Moyenne,—
Review Gransino,gransino vérification KYC,/avis/gransino/verification-kyc/,gransino vérification kyc,"gransino kyc, gransino vérification identité, gransino documents requis",Informationnelle,Sous-page,—,—,—,Basse,—
Review Gransino,gransino inscription,/avis/gransino/inscription/,gransino inscription,"gransino créer un compte, gransino s'inscrire, gransino ouvrir un compte",Informationnelle,Sous-page,—,—,—,Haute,—
Review Gransino,gransino connexion,/avis/gransino/connexion/,gransino connexion,"gransino login, gransino se connecter, gransino mot de passe oublié",Navigationnelle,Sous-page,—,—,—,Basse,—
Review Gransino,gransino application,/avis/gransino/app/,gransino app,"gransino application, gransino appli, gransino télécharger, gransino mobile",Informationnelle,Sous-page,—,—,—,Moyenne,—
Review Gransino,gransino contact,/avis/gransino/contact/,gransino contact,"gransino support client, gransino service client, gransino email, gransino chat",Informationnelle,Sous-page,—,—,—,Basse,—
Review Gransino,gransino retrait,/avis/gransino/retrait/,gransino retrait,"gransino délais de retrait, gransino retrait rapide, gransino temps de retrait",Informationnelle,Sous-page,—,—,—,Haute,—
Review Gransino,gransino modes de paiement,/avis/gransino/modes-de-paiement/,gransino modes de paiement,"gransino méthodes de paiement, gransino dépôt, gransino crypto, gransino visa",Informationnelle,Sous-page,—,—,—,Moyenne,—
Review Gransino,gransino limites,/avis/gransino/limite/,gransino limite,"gransino limite retrait, gransino limite dépôt, gransino montant minimum",Informationnelle,Sous-page,—,—,—,Basse,—
Review Gransino,gransino jeux,/avis/gransino/jeux/,gransino jeux,"gransino catalogue jeux, gransino machines à sous, gransino nombre de jeux",Informationnelle,Sous-page,—,—,—,Moyenne,—
Review Gransino,gransino live casino,/avis/gransino/live/,gransino live,"gransino live casino, gransino casino en direct, gransino croupier en direct",Informationnelle,Sous-page,—,—,—,Moyenne,—
Review Gransino,gransino RTP,/avis/gransino/rtp/,gransino rtp,"gransino taux de redistribution, gransino taux de retour",Informationnelle,Sous-page,—,—,—,Basse,—
Review Gransino,gransino paris sportifs,/avis/gransino/paris-sportifs/,gransino paris sportifs,"gransino paris en ligne, gransino sportsbook",Commerciale,Sous-page,—,—,—,Basse,—
Review Gransino,Alternatives à Gransino,/avis/gransino/alternatives/,gransino alternatives,"gransino alternative, gransino similaire, casino comme gransino",Commerciale,Sous-page,—,—,—,Moyenne,—
Review Gransino,gransino sites sœurs,/avis/gransino/sites-soeurs/,gransino sites soeurs,"gransino sites sœurs, gransino même groupe, gransino casinos associés",Informationnelle,Sous-page,—,—,—,Basse,—
Partenaire: FatPirate,,,,,,,,,,,
Review FatPirate,FatPirate avis,/avis/fatpirate/,fatpirate avis,"fatpirate casino avis, fatpirate fiable, fatpirate test, fatpirate revue",Review,Avis (pilier),—,—,—,Haute,—
Review FatPirate,fatpirate bonus,/avis/fatpirate/bonus/,fatpirate bonus,"fatpirate bonus casino, fatpirate offre, fatpirate promo",Commerciale,Sous-page,—,—,—,Haute,—
Review FatPirate,fatpirate bonus sans dépôt,/avis/fatpirate/bonus-sans-depot/,fatpirate bonus sans dépôt,"fatpirate bonus sans depot, fatpirate no deposit bonus",Commerciale,Sous-page,—,—,—,Haute,—
Review FatPirate,fatpirate bonus de bienvenue,/avis/fatpirate/bonus-bienvenue/,fatpirate bonus de bienvenue,"fatpirate offre bienvenue, fatpirate welcome bonus",Commerciale,Sous-page,—,—,—,Haute,—
Review FatPirate,fatpirate free spins,/avis/fatpirate/free-spins/,fatpirate free spins,"fatpirate tours gratuits, fatpirate free spin sans depot",Commerciale,Sous-page,—,—,—,Haute,—
Review FatPirate,fatpirate code promo,/avis/fatpirate/code-promo/,fatpirate code promo,"fatpirate code bonus, fatpirate code promotionnel",Commerciale,Sous-page,—,—,—,Moyenne,—
Review FatPirate,fatpirate promotions,/avis/fatpirate/promotions/,fatpirate promotions,"fatpirate offres en cours, fatpirate promo, fatpirate deals",Commerciale,Sous-page,—,—,—,Moyenne,—
Review FatPirate,fatpirate est-il fiable ?,/avis/fatpirate/fiable/,fatpirate est-il fiable,"fatpirate fiable, fatpirate sérieux, fatpirate de confiance",Informationnelle,Sous-page,—,—,—,Haute,—
Review FatPirate,fatpirate arnaque ?,/avis/fatpirate/arnaque/,fatpirate arnaque,"fatpirate arnaque ou pas, fatpirate escroquerie, fatpirate scam",Informationnelle,Sous-page,—,—,—,Haute,—
Review FatPirate,fatpirate licence,/avis/fatpirate/licence/,fatpirate licence,"fatpirate licence casino, fatpirate régulation, fatpirate licence curaçao",Informationnelle,Sous-page,—,—,—,Moyenne,—
Review FatPirate,fatpirate trustpilot,/avis/fatpirate/trustpilot/,fatpirate trustpilot,"fatpirate avis trustpilot, fatpirate note trustpilot",Informationnelle,Sous-page,—,—,—,Moyenne,—
Review FatPirate,fatpirate vérification KYC,/avis/fatpirate/verification-kyc/,fatpirate vérification kyc,"fatpirate kyc, fatpirate vérification identité, fatpirate documents requis",Informationnelle,Sous-page,—,—,—,Basse,—
Review FatPirate,fatpirate inscription,/avis/fatpirate/inscription/,fatpirate inscription,"fatpirate créer un compte, fatpirate s'inscrire, fatpirate ouvrir un compte",Informationnelle,Sous-page,—,—,—,Haute,—
Review FatPirate,fatpirate connexion,/avis/fatpirate/connexion/,fatpirate connexion,"fatpirate login, fatpirate se connecter, fatpirate mot de passe oublié",Navigationnelle,Sous-page,—,—,—,Basse,—
Review FatPirate,fatpirate application,/avis/fatpirate/app/,fatpirate app,"fatpirate application, fatpirate appli, fatpirate télécharger, fatpirate mobile",Informationnelle,Sous-page,—,—,—,Moyenne,—
Review FatPirate,fatpirate contact,/avis/fatpirate/contact/,fatpirate contact,"fatpirate support client, fatpirate service client, fatpirate email, fatpirate chat",Informationnelle,Sous-page,—,—,—,Basse,—
Review FatPirate,fatpirate retrait,/avis/fatpirate/retrait/,fatpirate retrait,"fatpirate délais de retrait, fatpirate retrait rapide, fatpirate temps de retrait",Informationnelle,Sous-page,—,—,—,Haute,—
Review FatPirate,fatpirate modes de paiement,/avis/fatpirate/modes-de-paiement/,fatpirate modes de paiement,"fatpirate méthodes de paiement, fatpirate dépôt, fatpirate crypto, fatpirate visa",Informationnelle,Sous-page,—,—,—,Moyenne,—
Review FatPirate,fatpirate limites,/avis/fatpirate/limite/,fatpirate limite,"fatpirate limite retrait, fatpirate limite dépôt, fatpirate montant minimum",Informationnelle,Sous-page,—,—,—,Basse,—
Review FatPirate,fatpirate jeux,/avis/fatpirate/jeux/,fatpirate jeux,"fatpirate catalogue jeux, fatpirate machines à sous, fatpirate nombre de jeux",Informationnelle,Sous-page,—,—,—,Moyenne,—
Review FatPirate,fatpirate live casino,/avis/fatpirate/live/,fatpirate live,"fatpirate live casino, fatpirate casino en direct, fatpirate croupier en direct",Informationnelle,Sous-page,—,—,—,Moyenne,—
Review FatPirate,fatpirate RTP,/avis/fatpirate/rtp/,fatpirate rtp,"fatpirate taux de redistribution, fatpirate taux de retour",Informationnelle,Sous-page,—,—,—,Basse,—
Review FatPirate,fatpirate paris sportifs,/avis/fatpirate/paris-sportifs/,fatpirate paris sportifs,"fatpirate paris en ligne, fatpirate sportsbook",Commerciale,Sous-page,—,—,—,Basse,—
Review FatPirate,Alternatives à FatPirate,/avis/fatpirate/alternatives/,fatpirate alternatives,"fatpirate alternative, fatpirate similaire, casino comme fatpirate",Commerciale,Sous-page,—,—,—,Moyenne,—
Review FatPirate,fatpirate sites sœurs,/avis/fatpirate/sites-soeurs/,fatpirate sites soeurs,"fatpirate sites sœurs, fatpirate même groupe, fatpirate casinos associés",Informationnelle,Sous-page,—,—,—,Basse,—
Partenaire: Qbet,,,,,,,,,,,
Review Qbet,Qbet avis,/avis/qbet/,qbet avis,"qbet casino avis, qbet fiable, qbet test, qbet revue",Review,Avis (pilier),—,—,—,Haute,—
Review Qbet,qbet bonus,/avis/qbet/bonus/,qbet bonus,"qbet bonus casino, qbet offre, qbet promo",Commerciale,Sous-page,—,—,—,Haute,—
Review Qbet,qbet bonus sans dépôt,/avis/qbet/bonus-sans-depot/,qbet bonus sans dépôt,"qbet bonus sans depot, qbet no deposit bonus",Commerciale,Sous-page,—,—,—,Haute,—
Review Qbet,qbet bonus de bienvenue,/avis/qbet/bonus-bienvenue/,qbet bonus de bienvenue,"qbet offre bienvenue, qbet welcome bonus",Commerciale,Sous-page,—,—,—,Haute,—
Review Qbet,qbet free spins,/avis/qbet/free-spins/,qbet free spins,"qbet tours gratuits, qbet free spin sans depot",Commerciale,Sous-page,—,—,—,Haute,—
Review Qbet,qbet code promo,/avis/qbet/code-promo/,qbet code promo,"qbet code bonus, qbet code promotionnel",Commerciale,Sous-page,—,—,—,Moyenne,—
Review Qbet,qbet promotions,/avis/qbet/promotions/,qbet promotions,"qbet offres en cours, qbet promo, qbet deals",Commerciale,Sous-page,—,—,—,Moyenne,—
Review Qbet,qbet est-il fiable ?,/avis/qbet/fiable/,qbet est-il fiable,"qbet fiable, qbet sérieux, qbet de confiance",Informationnelle,Sous-page,—,—,—,Haute,—
Review Qbet,qbet arnaque ?,/avis/qbet/arnaque/,qbet arnaque,"qbet arnaque ou pas, qbet escroquerie, qbet scam",Informationnelle,Sous-page,—,—,—,Haute,—
Review Qbet,qbet licence,/avis/qbet/licence/,qbet licence,"qbet licence casino, qbet régulation, qbet licence curaçao",Informationnelle,Sous-page,—,—,—,Moyenne,—
Review Qbet,qbet trustpilot,/avis/qbet/trustpilot/,qbet trustpilot,"qbet avis trustpilot, qbet note trustpilot",Informationnelle,Sous-page,—,—,—,Moyenne,—
Review Qbet,qbet vérification KYC,/avis/qbet/verification-kyc/,qbet vérification kyc,"qbet kyc, qbet vérification identité, qbet documents requis",Informationnelle,Sous-page,—,—,—,Basse,—
Review Qbet,qbet inscription,/avis/qbet/inscription/,qbet inscription,"qbet créer un compte, qbet s'inscrire, qbet ouvrir un compte",Informationnelle,Sous-page,—,—,—,Haute,—
Review Qbet,qbet connexion,/avis/qbet/connexion/,qbet connexion,"qbet login, qbet se connecter, qbet mot de passe oublié",Navigationnelle,Sous-page,—,—,—,Basse,—
Review Qbet,qbet application,/avis/qbet/app/,qbet app,"qbet application, qbet appli, qbet télécharger, qbet mobile",Informationnelle,Sous-page,—,—,—,Moyenne,—
Review Qbet,qbet contact,/avis/qbet/contact/,qbet contact,"qbet support client, qbet service client, qbet email, qbet chat",Informationnelle,Sous-page,—,—,—,Basse,—
Review Qbet,qbet retrait,/avis/qbet/retrait/,qbet retrait,"qbet délais de retrait, qbet retrait rapide, qbet temps de retrait",Informationnelle,Sous-page,—,—,—,Haute,—
Review Qbet,qbet modes de paiement,/avis/qbet/modes-de-paiement/,qbet modes de paiement,"qbet méthodes de paiement, qbet dépôt, qbet crypto, qbet visa",Informationnelle,Sous-page,—,—,—,Moyenne,—
Review Qbet,qbet limites,/avis/qbet/limite/,qbet limite,"qbet limite retrait, qbet limite dépôt, qbet montant minimum",Informationnelle,Sous-page,—,—,—,Basse,—
Review Qbet,qbet jeux,/avis/qbet/jeux/,qbet jeux,"qbet catalogue jeux, qbet machines à sous, qbet nombre de jeux",Informationnelle,Sous-page,—,—,—,Moyenne,—
Review Qbet,qbet live casino,/avis/qbet/live/,qbet live,"qbet live casino, qbet casino en direct, qbet croupier en direct",Informationnelle,Sous-page,—,—,—,Moyenne,—
Review Qbet,qbet RTP,/avis/qbet/rtp/,qbet rtp,"qbet taux de redistribution, qbet taux de retour",Informationnelle,Sous-page,—,—,—,Basse,—
Review Qbet,qbet paris sportifs,/avis/qbet/paris-sportifs/,qbet paris sportifs,"qbet paris en ligne, qbet sportsbook",Commerciale,Sous-page,—,—,—,Basse,—
Review Qbet,Alternatives à Qbet,/avis/qbet/alternatives/,qbet alternatives,"qbet alternative, qbet similaire, casino comme qbet",Commerciale,Sous-page,—,—,—,Moyenne,—
Review Qbet,qbet sites sœurs,/avis/qbet/sites-soeurs/,qbet sites soeurs,"qbet sites sœurs, qbet même groupe, qbet casinos associés",Informationnelle,Sous-page,—,—,—,Basse,—
Partenaire: GQbet,,,,,,,,,,,
Review GQbet,GQbet avis,/avis/gqbet/,gqbet avis,"gqbet casino avis, gqbet fiable, gqbet test, gqbet revue",Review,Avis (pilier),—,—,—,Haute,—
Review GQbet,gqbet bonus,/avis/gqbet/bonus/,gqbet bonus,"gqbet bonus casino, gqbet offre, gqbet promo",Commerciale,Sous-page,—,—,—,Haute,—
Review GQbet,gqbet bonus sans dépôt,/avis/gqbet/bonus-sans-depot/,gqbet bonus sans dépôt,"gqbet bonus sans depot, gqbet no deposit bonus",Commerciale,Sous-page,—,—,—,Haute,—
Review GQbet,gqbet bonus de bienvenue,/avis/gqbet/bonus-bienvenue/,gqbet bonus de bienvenue,"gqbet offre bienvenue, gqbet welcome bonus",Commerciale,Sous-page,—,—,—,Haute,—
Review GQbet,gqbet free spins,/avis/gqbet/free-spins/,gqbet free spins,"gqbet tours gratuits, gqbet free spin sans depot",Commerciale,Sous-page,—,—,—,Haute,—
Review GQbet,gqbet code promo,/avis/gqbet/code-promo/,gqbet code promo,"gqbet code bonus, gqbet code promotionnel",Commerciale,Sous-page,—,—,—,Moyenne,—
Review GQbet,gqbet promotions,/avis/gqbet/promotions/,gqbet promotions,"gqbet offres en cours, gqbet promo, gqbet deals",Commerciale,Sous-page,—,—,—,Moyenne,—
Review GQbet,gqbet est-il fiable ?,/avis/gqbet/fiable/,gqbet est-il fiable,"gqbet fiable, gqbet sérieux, gqbet de confiance",Informationnelle,Sous-page,—,—,—,Haute,—
Review GQbet,gqbet arnaque ?,/avis/gqbet/arnaque/,gqbet arnaque,"gqbet arnaque ou pas, gqbet escroquerie, gqbet scam",Informationnelle,Sous-page,—,—,—,Haute,—
Review GQbet,gqbet licence,/avis/gqbet/licence/,gqbet licence,"gqbet licence casino, gqbet régulation, gqbet licence curaçao",Informationnelle,Sous-page,—,—,—,Moyenne,—
Review GQbet,gqbet trustpilot,/avis/gqbet/trustpilot/,gqbet trustpilot,"gqbet avis trustpilot, gqbet note trustpilot",Informationnelle,Sous-page,—,—,—,Moyenne,—
Review GQbet,gqbet vérification KYC,/avis/gqbet/verification-kyc/,gqbet vérification kyc,"gqbet kyc, gqbet vérification identité, gqbet documents requis",Informationnelle,Sous-page,—,—,—,Basse,—
Review GQbet,gqbet inscription,/avis/gqbet/inscription/,gqbet inscription,"gqbet créer un compte, gqbet s'inscrire, gqbet ouvrir un compte",Informationnelle,Sous-page,—,—,—,Haute,—
Review GQbet,gqbet connexion,/avis/gqbet/connexion/,gqbet connexion,"gqbet login, gqbet se connecter, gqbet mot de passe oublié",Navigationnelle,Sous-page,—,—,—,Basse,—
Review GQbet,gqbet application,/avis/gqbet/app/,gqbet app,"gqbet application, gqbet appli, gqbet télécharger, gqbet mobile",Informationnelle,Sous-page,—,—,—,Moyenne,—
Review GQbet,gqbet contact,/avis/gqbet/contact/,gqbet contact,"gqbet support client, gqbet service client, gqbet email, gqbet chat",Informationnelle,Sous-page,—,—,—,Basse,—
Review GQbet,gqbet retrait,/avis/gqbet/retrait/,gqbet retrait,"gqbet délais de retrait, gqbet retrait rapide, gqbet temps de retrait",Informationnelle,Sous-page,—,—,—,Haute,—
Review GQbet,gqbet modes de paiement,/avis/gqbet/modes-de-paiement/,gqbet modes de paiement,"gqbet méthodes de paiement, gqbet dépôt, gqbet crypto, gqbet visa",Informationnelle,Sous-page,—,—,—,Moyenne,—
Review GQbet,gqbet limites,/avis/gqbet/limite/,gqbet limite,"gqbet limite retrait, gqbet limite dépôt, gqbet montant minimum",Informationnelle,Sous-page,—,—,—,Basse,—
Review GQbet,gqbet jeux,/avis/gqbet/jeux/,gqbet jeux,"gqbet catalogue jeux, gqbet machines à sous, gqbet nombre de jeux",Informationnelle,Sous-page,—,—,—,Moyenne,—
Review GQbet,gqbet live casino,/avis/gqbet/live/,gqbet live,"gqbet live casino, gqbet casino en direct, gqbet croupier en direct",Informationnelle,Sous-page,—,—,—,Moyenne,—
Review GQbet,gqbet RTP,/avis/gqbet/rtp/,gqbet rtp,"gqbet taux de redistribution, gqbet taux de retour",Informationnelle,Sous-page,—,—,—,Basse,—
Review GQbet,gqbet paris sportifs,/avis/gqbet/paris-sportifs/,gqbet paris sportifs,"gqbet paris en ligne, gqbet sportsbook",Commerciale,Sous-page,—,—,—,Basse,—
Review GQbet,Alternatives à GQbet,/avis/gqbet/alternatives/,gqbet alternatives,"gqbet alternative, gqbet similaire, casino comme gqbet",Commerciale,Sous-page,—,—,—,Moyenne,—
Review GQbet,gqbet sites sœurs,/avis/gqbet/sites-soeurs/,gqbet sites soeurs,"gqbet sites sœurs, gqbet même groupe, gqbet casinos associés",Informationnelle,Sous-page,—,—,—,Basse,—
Partenaire: Bahigo,,,,,,,,,,,
Review Bahigo,Bahigo avis,/avis/bahigo/,bahigo avis,"bahigo casino avis, bahigo fiable, bahigo test, bahigo revue",Review,Avis (pilier),—,—,—,Haute,—
Review Bahigo,bahigo bonus,/avis/bahigo/bonus/,bahigo bonus,"bahigo bonus casino, bahigo offre, bahigo promo",Commerciale,Sous-page,—,—,—,Haute,—
Review Bahigo,bahigo bonus sans dépôt,/avis/bahigo/bonus-sans-depot/,bahigo bonus sans dépôt,"bahigo bonus sans depot, bahigo no deposit bonus",Commerciale,Sous-page,—,—,—,Haute,—
Review Bahigo,bahigo bonus de bienvenue,/avis/bahigo/bonus-bienvenue/,bahigo bonus de bienvenue,"bahigo offre bienvenue, bahigo welcome bonus",Commerciale,Sous-page,—,—,—,Haute,—
Review Bahigo,bahigo free spins,/avis/bahigo/free-spins/,bahigo free spins,"bahigo tours gratuits, bahigo free spin sans depot",Commerciale,Sous-page,—,—,—,Haute,—
Review Bahigo,bahigo code promo,/avis/bahigo/code-promo/,bahigo code promo,"bahigo code bonus, bahigo code promotionnel",Commerciale,Sous-page,—,—,—,Moyenne,—
Review Bahigo,bahigo promotions,/avis/bahigo/promotions/,bahigo promotions,"bahigo offres en cours, bahigo promo, bahigo deals",Commerciale,Sous-page,—,—,—,Moyenne,—
Review Bahigo,bahigo est-il fiable ?,/avis/bahigo/fiable/,bahigo est-il fiable,"bahigo fiable, bahigo sérieux, bahigo de confiance",Informationnelle,Sous-page,—,—,—,Haute,—
Review Bahigo,bahigo arnaque ?,/avis/bahigo/arnaque/,bahigo arnaque,"bahigo arnaque ou pas, bahigo escroquerie, bahigo scam",Informationnelle,Sous-page,—,—,—,Haute,—
Review Bahigo,bahigo licence,/avis/bahigo/licence/,bahigo licence,"bahigo licence casino, bahigo régulation, bahigo licence curaçao",Informationnelle,Sous-page,—,—,—,Moyenne,—
Review Bahigo,bahigo trustpilot,/avis/bahigo/trustpilot/,bahigo trustpilot,"bahigo avis trustpilot, bahigo note trustpilot",Informationnelle,Sous-page,—,—,—,Moyenne,—
Review Bahigo,bahigo vérification KYC,/avis/bahigo/verification-kyc/,bahigo vérification kyc,"bahigo kyc, bahigo vérification identité, bahigo documents requis",Informationnelle,Sous-page,—,—,—,Basse,—
Review Bahigo,bahigo inscription,/avis/bahigo/inscription/,bahigo inscription,"bahigo créer un compte, bahigo s'inscrire, bahigo ouvrir un compte",Informationnelle,Sous-page,—,—,—,Haute,—
Review Bahigo,bahigo connexion,/avis/bahigo/connexion/,bahigo connexion,"bahigo login, bahigo se connecter, bahigo mot de passe oublié",Navigationnelle,Sous-page,—,—,—,Basse,—
Review Bahigo,bahigo application,/avis/bahigo/app/,bahigo app,"bahigo application, bahigo appli, bahigo télécharger, bahigo mobile",Informationnelle,Sous-page,—,—,—,Moyenne,—
Review Bahigo,bahigo contact,/avis/bahigo/contact/,bahigo contact,"bahigo support client, bahigo service client, bahigo email, bahigo chat",Informationnelle,Sous-page,—,—,—,Basse,—
Review Bahigo,bahigo retrait,/avis/bahigo/retrait/,bahigo retrait,"bahigo délais de retrait, bahigo retrait rapide, bahigo temps de retrait",Informationnelle,Sous-page,—,—,—,Haute,—
Review Bahigo,bahigo modes de paiement,/avis/bahigo/modes-de-paiement/,bahigo modes de paiement,"bahigo méthodes de paiement, bahigo dépôt, bahigo crypto, bahigo visa",Informationnelle,Sous-page,—,—,—,Moyenne,—
Review Bahigo,bahigo limites,/avis/bahigo/limite/,bahigo limite,"bahigo limite retrait, bahigo limite dépôt, bahigo montant minimum",Informationnelle,Sous-page,—,—,—,Basse,—
Review Bahigo,bahigo jeux,/avis/bahigo/jeux/,bahigo jeux,"bahigo catalogue jeux, bahigo machines à sous, bahigo nombre de jeux",Informationnelle,Sous-page,—,—,—,Moyenne,—
Review Bahigo,bahigo live casino,/avis/bahigo/live/,bahigo live,"bahigo live casino, bahigo casino en direct, bahigo croupier en direct",Informationnelle,Sous-page,—,—,—,Moyenne,—
Review Bahigo,bahigo RTP,/avis/bahigo/rtp/,bahigo rtp,"bahigo taux de redistribution, bahigo taux de retour",Informationnelle,Sous-page,—,—,—,Basse,—
Review Bahigo,bahigo paris sportifs,/avis/bahigo/paris-sportifs/,bahigo paris sportifs,"bahigo paris en ligne, bahigo sportsbook",Commerciale,Sous-page,—,—,—,Basse,—
Review Bahigo,Alternatives à Bahigo,/avis/bahigo/alternatives/,bahigo alternatives,"bahigo alternative, bahigo similaire, casino comme bahigo",Commerciale,Sous-page,—,—,—,Moyenne,—
Review Bahigo,bahigo sites sœurs,/avis/bahigo/sites-soeurs/,bahigo sites soeurs,"bahigo sites sœurs, bahigo même groupe, bahigo casinos associés",Informationnelle,Sous-page,—,—,—,Basse,—
Partenaire: Wettigo,,,,,,,,,,,
Review Wettigo,Wettigo avis,/avis/wettigo/,wettigo avis,"wettigo casino avis, wettigo fiable, wettigo test, wettigo revue",Review,Avis (pilier),—,—,—,Haute,—
Review Wettigo,wettigo bonus,/avis/wettigo/bonus/,wettigo bonus,"wettigo bonus casino, wettigo offre, wettigo promo",Commerciale,Sous-page,—,—,—,Haute,—
Review Wettigo,wettigo bonus sans dépôt,/avis/wettigo/bonus-sans-depot/,wettigo bonus sans dépôt,"wettigo bonus sans depot, wettigo no deposit bonus",Commerciale,Sous-page,—,—,—,Haute,—
Review Wettigo,wettigo bonus de bienvenue,/avis/wettigo/bonus-bienvenue/,wettigo bonus de bienvenue,"wettigo offre bienvenue, wettigo welcome bonus",Commerciale,Sous-page,—,—,—,Haute,—
Review Wettigo,wettigo free spins,/avis/wettigo/free-spins/,wettigo free spins,"wettigo tours gratuits, wettigo free spin sans depot",Commerciale,Sous-page,—,—,—,Haute,—
Review Wettigo,wettigo code promo,/avis/wettigo/code-promo/,wettigo code promo,"wettigo code bonus, wettigo code promotionnel",Commerciale,Sous-page,—,—,—,Moyenne,—
Review Wettigo,wettigo promotions,/avis/wettigo/promotions/,wettigo promotions,"wettigo offres en cours, wettigo promo, wettigo deals",Commerciale,Sous-page,—,—,—,Moyenne,—
Review Wettigo,wettigo est-il fiable ?,/avis/wettigo/fiable/,wettigo est-il fiable,"wettigo fiable, wettigo sérieux, wettigo de confiance",Informationnelle,Sous-page,—,—,—,Haute,—
Review Wettigo,wettigo arnaque ?,/avis/wettigo/arnaque/,wettigo arnaque,"wettigo arnaque ou pas, wettigo escroquerie, wettigo scam",Informationnelle,Sous-page,—,—,—,Haute,—
Review Wettigo,wettigo licence,/avis/wettigo/licence/,wettigo licence,"wettigo licence casino, wettigo régulation, wettigo licence curaçao",Informationnelle,Sous-page,—,—,—,Moyenne,—
Review Wettigo,wettigo trustpilot,/avis/wettigo/trustpilot/,wettigo trustpilot,"wettigo avis trustpilot, wettigo note trustpilot",Informationnelle,Sous-page,—,—,—,Moyenne,—
Review Wettigo,wettigo vérification KYC,/avis/wettigo/verification-kyc/,wettigo vérification kyc,"wettigo kyc, wettigo vérification identité, wettigo documents requis",Informationnelle,Sous-page,—,—,—,Basse,—
Review Wettigo,wettigo inscription,/avis/wettigo/inscription/,wettigo inscription,"wettigo créer un compte, wettigo s'inscrire, wettigo ouvrir un compte",Informationnelle,Sous-page,—,—,—,Haute,—
Review Wettigo,wettigo connexion,/avis/wettigo/connexion/,wettigo connexion,"wettigo login, wettigo se connecter, wettigo mot de passe oublié",Navigationnelle,Sous-page,—,—,—,Basse,—
Review Wettigo,wettigo application,/avis/wettigo/app/,wettigo app,"wettigo application, wettigo appli, wettigo télécharger, wettigo mobile",Informationnelle,Sous-page,—,—,—,Moyenne,—
Review Wettigo,wettigo contact,/avis/wettigo/contact/,wettigo contact,"wettigo support client, wettigo service client, wettigo email, wettigo chat",Informationnelle,Sous-page,—,—,—,Basse,—
Review Wettigo,wettigo retrait,/avis/wettigo/retrait/,wettigo retrait,"wettigo délais de retrait, wettigo retrait rapide, wettigo temps de retrait",Informationnelle,Sous-page,—,—,—,Haute,—
Review Wettigo,wettigo modes de paiement,/avis/wettigo/modes-de-paiement/,wettigo modes de paiement,"wettigo méthodes de paiement, wettigo dépôt, wettigo crypto, wettigo visa",Informationnelle,Sous-page,—,—,—,Moyenne,—
Review Wettigo,wettigo limites,/avis/wettigo/limite/,wettigo limite,"wettigo limite retrait, wettigo limite dépôt, wettigo montant minimum",Informationnelle,Sous-page,—,—,—,Basse,—
Review Wettigo,wettigo jeux,/avis/wettigo/jeux/,wettigo jeux,"wettigo catalogue jeux, wettigo machines à sous, wettigo nombre de jeux",Informationnelle,Sous-page,—,—,—,Moyenne,—
Review Wettigo,wettigo live casino,/avis/wettigo/live/,wettigo live,"wettigo live casino, wettigo casino en direct, wettigo croupier en direct",Informationnelle,Sous-page,—,—,—,Moyenne,—
Review Wettigo,wettigo RTP,/avis/wettigo/rtp/,wettigo rtp,"wettigo taux de redistribution, wettigo taux de retour",Informationnelle,Sous-page,—,—,—,Basse,—
Review Wettigo,wettigo paris sportifs,/avis/wettigo/paris-sportifs/,wettigo paris sportifs,"wettigo paris en ligne, wettigo sportsbook",Commerciale,Sous-page,—,—,—,Basse,—
Review Wettigo,Alternatives à Wettigo,/avis/wettigo/alternatives/,wettigo alternatives,"wettigo alternative, wettigo similaire, casino comme wettigo",Commerciale,Sous-page,—,—,—,Moyenne,—
Review Wettigo,wettigo sites sœurs,/avis/wettigo/sites-soeurs/,wettigo sites soeurs,"wettigo sites sœurs, wettigo même groupe, wettigo casinos associés",Informationnelle,Sous-page,—,—,—,Basse,—
Partenaire: Bahibi,,,,,,,,,,,
Review Bahibi,Bahibi avis,/avis/bahibi/,bahibi avis,"bahibi casino avis, bahibi fiable, bahibi test, bahibi revue",Review,Avis (pilier),—,—,—,Haute,—
Review Bahibi,bahibi bonus,/avis/bahibi/bonus/,bahibi bonus,"bahibi bonus casino, bahibi offre, bahibi promo",Commerciale,Sous-page,—,—,—,Haute,—
Review Bahibi,bahibi bonus sans dépôt,/avis/bahibi/bonus-sans-depot/,bahibi bonus sans dépôt,"bahibi bonus sans depot, bahibi no deposit bonus",Commerciale,Sous-page,—,—,—,Haute,—
Review Bahibi,bahibi bonus de bienvenue,/avis/bahibi/bonus-bienvenue/,bahibi bonus de bienvenue,"bahibi offre bienvenue, bahibi welcome bonus",Commerciale,Sous-page,—,—,—,Haute,—
Review Bahibi,bahibi free spins,/avis/bahibi/free-spins/,bahibi free spins,"bahibi tours gratuits, bahibi free spin sans depot",Commerciale,Sous-page,—,—,—,Haute,—
Review Bahibi,bahibi code promo,/avis/bahibi/code-promo/,bahibi code promo,"bahibi code bonus, bahibi code promotionnel",Commerciale,Sous-page,—,—,—,Moyenne,—
Review Bahibi,bahibi promotions,/avis/bahibi/promotions/,bahibi promotions,"bahibi offres en cours, bahibi promo, bahibi deals",Commerciale,Sous-page,—,—,—,Moyenne,—
Review Bahibi,bahibi est-il fiable ?,/avis/bahibi/fiable/,bahibi est-il fiable,"bahibi fiable, bahibi sérieux, bahibi de confiance",Informationnelle,Sous-page,—,—,—,Haute,—
Review Bahibi,bahibi arnaque ?,/avis/bahibi/arnaque/,bahibi arnaque,"bahibi arnaque ou pas, bahibi escroquerie, bahibi scam",Informationnelle,Sous-page,—,—,—,Haute,—
Review Bahibi,bahibi licence,/avis/bahibi/licence/,bahibi licence,"bahibi licence casino, bahibi régulation, bahibi licence curaçao",Informationnelle,Sous-page,—,—,—,Moyenne,—
Review Bahibi,bahibi trustpilot,/avis/bahibi/trustpilot/,bahibi trustpilot,"bahibi avis trustpilot, bahibi note trustpilot",Informationnelle,Sous-page,—,—,—,Moyenne,—
Review Bahibi,bahibi vérification KYC,/avis/bahibi/verification-kyc/,bahibi vérification kyc,"bahibi kyc, bahibi vérification identité, bahibi documents requis",Informationnelle,Sous-page,—,—,—,Basse,—
Review Bahibi,bahibi inscription,/avis/bahibi/inscription/,bahibi inscription,"bahibi créer un compte, bahibi s'inscrire, bahibi ouvrir un compte",Informationnelle,Sous-page,—,—,—,Haute,—
Review Bahibi,bahibi connexion,/avis/bahibi/connexion/,bahibi connexion,"bahibi login, bahibi se connecter, bahibi mot de passe oublié",Navigationnelle,Sous-page,—,—,—,Basse,—
Review Bahibi,bahibi application,/avis/bahibi/app/,bahibi app,"bahibi application, bahibi appli, bahibi télécharger, bahibi mobile",Informationnelle,Sous-page,—,—,—,Moyenne,—
Review Bahibi,bahibi contact,/avis/bahibi/contact/,bahibi contact,"bahibi support client, bahibi service client, bahibi email, bahibi chat",Informationnelle,Sous-page,—,—,—,Basse,—
Review Bahibi,bahibi retrait,/avis/bahibi/retrait/,bahibi retrait,"bahibi délais de retrait, bahibi retrait rapide, bahibi temps de retrait",Informationnelle,Sous-page,—,—,—,Haute,—
Review Bahibi,bahibi modes de paiement,/avis/bahibi/modes-de-paiement/,bahibi modes de paiement,"bahibi méthodes de paiement, bahibi dépôt, bahibi crypto, bahibi visa",Informationnelle,Sous-page,—,—,—,Moyenne,—
Review Bahibi,bahibi limites,/avis/bahibi/limite/,bahibi limite,"bahibi limite retrait, bahibi limite dépôt, bahibi montant minimum",Informationnelle,Sous-page,—,—,—,Basse,—
Review Bahibi,bahibi jeux,/avis/bahibi/jeux/,bahibi jeux,"bahibi catalogue jeux, bahibi machines à sous, bahibi nombre de jeux",Informationnelle,Sous-page,—,—,—,Moyenne,—
Review Bahibi,bahibi live casino,/avis/bahibi/live/,bahibi live,"bahibi live casino, bahibi casino en direct, bahibi croupier en direct",Informationnelle,Sous-page,—,—,—,Moyenne,—
Review Bahibi,bahibi RTP,/avis/bahibi/rtp/,bahibi rtp,"bahibi taux de redistribution, bahibi taux de retour",Informationnelle,Sous-page,—,—,—,Basse,—
Review Bahibi,bahibi paris sportifs,/avis/bahibi/paris-sportifs/,bahibi paris sportifs,"bahibi paris en ligne, bahibi sportsbook",Commerciale,Sous-page,—,—,—,Basse,—
Review Bahibi,Alternatives à Bahibi,/avis/bahibi/alternatives/,bahibi alternatives,"bahibi alternative, bahibi similaire, casino comme bahibi",Commerciale,Sous-page,—,—,—,Moyenne,—
Review Bahibi,bahibi sites sœurs,/avis/bahibi/sites-soeurs/,bahibi sites soeurs,"bahibi sites sœurs, bahibi même groupe, bahibi casinos associés",Informationnelle,Sous-page,—,—,—,Basse,—
Partenaire: Goldenplay,,,,,,,,,,,
Review Goldenplay,Goldenplay avis,/avis/goldenplay/,goldenplay avis,"goldenplay casino avis, goldenplay fiable, goldenplay test, goldenplay revue",Review,Avis (pilier),—,—,—,Haute,—
Review Goldenplay,goldenplay bonus,/avis/goldenplay/bonus/,goldenplay bonus,"goldenplay bonus casino, goldenplay offre, goldenplay promo",Commerciale,Sous-page,—,—,—,Haute,—
Review Goldenplay,goldenplay bonus sans dépôt,/avis/goldenplay/bonus-sans-depot/,goldenplay bonus sans dépôt,"goldenplay bonus sans depot, goldenplay no deposit bonus",Commerciale,Sous-page,—,—,—,Haute,—
Review Goldenplay,goldenplay bonus de bienvenue,/avis/goldenplay/bonus-bienvenue/,goldenplay bonus de bienvenue,"goldenplay offre bienvenue, goldenplay welcome bonus",Commerciale,Sous-page,—,—,—,Haute,—
Review Goldenplay,goldenplay free spins,/avis/goldenplay/free-spins/,goldenplay free spins,"goldenplay tours gratuits, goldenplay free spin sans depot",Commerciale,Sous-page,—,—,—,Haute,—
Review Goldenplay,goldenplay code promo,/avis/goldenplay/code-promo/,goldenplay code promo,"goldenplay code bonus, goldenplay code promotionnel",Commerciale,Sous-page,—,—,—,Moyenne,—
Review Goldenplay,goldenplay promotions,/avis/goldenplay/promotions/,goldenplay promotions,"goldenplay offres en cours, goldenplay promo, goldenplay deals",Commerciale,Sous-page,—,—,—,Moyenne,—
Review Goldenplay,goldenplay est-il fiable ?,/avis/goldenplay/fiable/,goldenplay est-il fiable,"goldenplay fiable, goldenplay sérieux, goldenplay de confiance",Informationnelle,Sous-page,—,—,—,Haute,—
Review Goldenplay,goldenplay arnaque ?,/avis/goldenplay/arnaque/,goldenplay arnaque,"goldenplay arnaque ou pas, goldenplay escroquerie, goldenplay scam",Informationnelle,Sous-page,—,—,—,Haute,—
Review Goldenplay,goldenplay licence,/avis/goldenplay/licence/,goldenplay licence,"goldenplay licence casino, goldenplay régulation, goldenplay licence curaçao",Informationnelle,Sous-page,—,—,—,Moyenne,—
Review Goldenplay,goldenplay trustpilot,/avis/goldenplay/trustpilot/,goldenplay trustpilot,"goldenplay avis trustpilot, goldenplay note trustpilot",Informationnelle,Sous-page,—,—,—,Moyenne,—
Review Goldenplay,goldenplay vérification KYC,/avis/goldenplay/verification-kyc/,goldenplay vérification kyc,"goldenplay kyc, goldenplay vérification identité, goldenplay documents requis",Informationnelle,Sous-page,—,—,—,Basse,—
Review Goldenplay,goldenplay inscription,/avis/goldenplay/inscription/,goldenplay inscription,"goldenplay créer un compte, goldenplay s'inscrire, goldenplay ouvrir un compte",Informationnelle,Sous-page,—,—,—,Haute,—
Review Goldenplay,goldenplay connexion,/avis/goldenplay/connexion/,goldenplay connexion,"goldenplay login, goldenplay se connecter, goldenplay mot de passe oublié",Navigationnelle,Sous-page,—,—,—,Basse,—
Review Goldenplay,goldenplay application,/avis/goldenplay/app/,goldenplay app,"goldenplay application, goldenplay appli, goldenplay télécharger, goldenplay mobile",Informationnelle,Sous-page,—,—,—,Moyenne,—
Review Goldenplay,goldenplay contact,/avis/goldenplay/contact/,goldenplay contact,"goldenplay support client, goldenplay service client, goldenplay email, goldenplay chat",Informationnelle,Sous-page,—,—,—,Basse,—
Review Goldenplay,goldenplay retrait,/avis/goldenplay/retrait/,goldenplay retrait,"goldenplay délais de retrait, goldenplay retrait rapide, goldenplay temps de retrait",Informationnelle,Sous-page,—,—,—,Haute,—
Review Goldenplay,goldenplay modes de paiement,/avis/goldenplay/modes-de-paiement/,goldenplay modes de paiement,"goldenplay méthodes de paiement, goldenplay dépôt, goldenplay crypto, goldenplay visa",Informationnelle,Sous-page,—,—,—,Moyenne,—
Review Goldenplay,goldenplay limites,/avis/goldenplay/limite/,goldenplay limite,"goldenplay limite retrait, goldenplay limite dépôt, goldenplay montant minimum",Informationnelle,Sous-page,—,—,—,Basse,—
Review Goldenplay,goldenplay jeux,/avis/goldenplay/jeux/,goldenplay jeux,"goldenplay catalogue jeux, goldenplay machines à sous, goldenplay nombre de jeux",Informationnelle,Sous-page,—,—,—,Moyenne,—
Review Goldenplay,goldenplay live casino,/avis/goldenplay/live/,goldenplay live,"goldenplay live casino, goldenplay casino en direct, goldenplay croupier en direct",Informationnelle,Sous-page,—,—,—,Moyenne,—
Review Goldenplay,goldenplay RTP,/avis/goldenplay/rtp/,goldenplay rtp,"goldenplay taux de redistribution, goldenplay taux de retour",Informationnelle,Sous-page,—,—,—,Basse,—
Review Goldenplay,goldenplay paris sportifs,/avis/goldenplay/paris-sportifs/,goldenplay paris sportifs,"goldenplay paris en ligne, goldenplay sportsbook",Commerciale,Sous-page,—,—,—,Basse,—
Review Goldenplay,Alternatives à Goldenplay,/avis/goldenplay/alternatives/,goldenplay alternatives,"goldenplay alternative, goldenplay similaire, casino comme goldenplay",Commerciale,Sous-page,—,—,—,Moyenne,—
Review Goldenplay,goldenplay sites sœurs,/avis/goldenplay/sites-soeurs/,goldenplay sites soeurs,"goldenplay sites sœurs, goldenplay même groupe, goldenplay casinos associés",Informationnelle,Sous-page,—,—,—,Basse,—
,,,,,,,,,,,
TOTAL: 294 pages,(69 architecture + 225 cocon partenaires),,,,,,,,,,